created_at,path_name,path_name_related
'1985-12-12 23:00:35.508',"actuaries","enterprise risk actuaries"
'1985-12-12 23:00:35.508',"actuaries","health insurance actuaries"
'1985-12-12 23:00:35.508',"actuaries","life insurance actuaries"
'1985-12-12 23:00:35.508',"actuaries","pension and retirement benefits actuaries"
'1985-12-12 23:00:35.508',"actuaries","property and casualty insurance actuaries"
'1985-12-12 23:00:35.508',"administrative services managers","facility managers"
'1985-12-12 23:00:35.508',"administrative services managers","records and information managers"
'1985-12-12 23:00:35.508',"adult literacy and high school equivalency diploma teachers","adult basic education"
'1985-12-12 23:00:35.508',"adult literacy and high school equivalency diploma teachers","english as a second language"
'1985-12-12 23:00:35.508',"adult literacy and high school equivalency diploma teachers","high school equivalency and adult secondary education"
'1985-12-12 23:00:35.508',"advertising managers and promotions managers and marketing managers","advertising managers"
'1985-12-12 23:00:35.508',"advertising managers and promotions managers and marketing managers","marketing managers"
'1985-12-12 23:00:35.508',"advertising managers and promotions managers and marketing managers","promotions managers"
'1985-12-12 23:00:35.508',"agricultural and food scientists","animal scientists"
'1985-12-12 23:00:35.508',"agricultural and food scientists","food scientists and technologists"
'1985-12-12 23:00:35.508',"agricultural and food scientists","plant scientists"
'1985-12-12 23:00:35.508',"agricultural and food scientists","soil scientists"
'1985-12-12 23:00:35.508',"agricultural workers","agricultural equipment operators"
'1985-12-12 23:00:35.508',"agricultural workers","animal breeders"
'1985-12-12 23:00:35.508',"agricultural workers","crop laborers"
'1985-12-12 23:00:35.508',"agricultural workers","greenhouse farmworkers"
'1985-12-12 23:00:35.508',"agricultural workers","migrant farmworkers"
'1985-12-12 23:00:35.508',"agricultural workers","nursery laborers"
'1985-12-12 23:00:35.508',"air traffic controllers","approach and departure controllers"
'1985-12-12 23:00:35.508',"air traffic controllers","en route controllers"
'1985-12-12 23:00:35.508',"air traffic controllers","tower controllers"
'1985-12-12 23:00:35.508',"aircraft and avionics equipment mechanics and technicians","airframe and powerplant mechanics"
'1985-12-12 23:00:35.508',"aircraft and avionics equipment mechanics and technicians","avionics technicians"
'1985-12-12 23:00:35.508',"aircraft and avionics equipment mechanics and technicians","designated airworthiness representatives"
'1985-12-12 23:00:35.508',"aircraft and avionics equipment mechanics and technicians","inspection authorized mechanics"
'1985-12-12 23:00:35.508',"aircraft and avionics equipment mechanics and technicians","repairman"
'1985-12-12 23:00:35.508',"airline and commercial pilots","airline pilots"
'1985-12-12 23:00:35.508',"airline and commercial pilots","commercial pilots"
'1985-12-12 23:00:35.508',"animal care and service workers","animal trainers"
'1985-12-12 23:00:35.508',"animal care and service workers","groomers"
'1985-12-12 23:00:35.508',"animal care and service workers","grooms"
'1985-12-12 23:00:35.508',"animal care and service workers","kennel attendants"
'1985-12-12 23:00:35.508',"animal care and service workers","nonfarm animal caretakers"
'1985-12-12 23:00:35.508',"animal care and service workers","pet sitters"
'1985-12-12 23:00:35.508',"animal care and service workers","zookeepers"
'1985-12-12 23:00:35.508',"announcers","disk jockeys"
'1985-12-12 23:00:35.508',"announcers","emcees"
'1985-12-12 23:00:35.508',"announcers","party djs"
'1985-12-12 23:00:35.508',"announcers","podcasters"
'1985-12-12 23:00:35.508',"announcers","public address system announcers"
'1985-12-12 23:00:35.508',"announcers","radio and television announcers"
'1985-12-12 23:00:35.508',"announcers","talk show hosts"
'1985-12-12 23:00:35.508',"arbitrators and mediators and conciliators","arbitrators"
'1985-12-12 23:00:35.508',"arbitrators and mediators and conciliators","conciliators"
'1985-12-12 23:00:35.508',"arbitrators and mediators and conciliators","mediators"
'1985-12-12 23:00:35.508',"archivists and curators and museum workers","archivists"
'1985-12-12 23:00:35.508',"archivists and curators and museum workers","conservators"
'1985-12-12 23:00:35.508',"archivists and curators and museum workers","curators"
'1985-12-12 23:00:35.508',"archivists and curators and museum workers","museum technicians"
'1985-12-12 23:00:35.508',"assemblers and fabricators","aircraft rigging assemblers"
'1985-12-12 23:00:35.508',"assemblers and fabricators","aircraft structure assemblers"
'1985-12-12 23:00:35.508',"assemblers and fabricators","aircraft surfaces assemblers"
'1985-12-12 23:00:35.508',"assemblers and fabricators","aircraft systems assemblers"
'1985-12-12 23:00:35.508',"assemblers and fabricators","coil finishers"
'1985-12-12 23:00:35.508',"assemblers and fabricators","coil tapers"
'1985-12-12 23:00:35.508',"assemblers and fabricators","coil winders"
'1985-12-12 23:00:35.508',"assemblers and fabricators","electrical and electronic equipment assemblers"
'1985-12-12 23:00:35.508',"assemblers and fabricators","electromechanical equipment assemblers"
'1985-12-12 23:00:35.508',"assemblers and fabricators","engine and machine assemblers"
'1985-12-12 23:00:35.508',"assemblers and fabricators","fiberglass fitters"
'1985-12-12 23:00:35.508',"assemblers and fabricators","fiberglass laminators"
'1985-12-12 23:00:35.508',"assemblers and fabricators","structural metal fabricators"
'1985-12-12 23:00:35.508',"assemblers and fabricators","structural metal fitters"
'1985-12-12 23:00:35.508',"assemblers and fabricators","team assemblers"
'1985-12-12 23:00:35.508',"assemblers and fabricators","timing device adjusters"
'1985-12-12 23:00:35.508',"assemblers and fabricators","timing device assemblers"
'1985-12-12 23:00:35.508',"assemblers and fabricators","timing device calibrators"
'1985-12-12 23:00:35.508',"atmospheric scientists and meteorologists","atmospheric chemists"
'1985-12-12 23:00:35.508',"atmospheric scientists and meteorologists","atmospheric dynamists"
'1985-12-12 23:00:35.508',"atmospheric scientists and meteorologists","atmospheric physicists"
'1985-12-12 23:00:35.508',"atmospheric scientists and meteorologists","broadcast meteorologists"
'1985-12-12 23:00:35.508',"atmospheric scientists and meteorologists","climate scientists"
'1985-12-12 23:00:35.508',"atmospheric scientists and meteorologists","climatologists"
'1985-12-12 23:00:35.508',"atmospheric scientists and meteorologists","forensic meteorologists"
'1985-12-12 23:00:35.508',"atmospheric scientists and meteorologists","research meteorologists"
'1985-12-12 23:00:35.508',"atmospheric scientists and meteorologists","weather forecasters"
'1985-12-12 23:00:35.508',"automotive service technicians and mechanics","automotive air conditioning technicians"
'1985-12-12 23:00:35.508',"automotive service technicians and mechanics","brake technicians"
'1985-12-12 23:00:35.508',"automotive service technicians and mechanics","drivability technicians"
'1985-12-12 23:00:35.508',"automotive service technicians and mechanics","front end technicians"
'1985-12-12 23:00:35.508',"automotive service technicians and mechanics","transmission technicians and rebuilders"
'1985-12-12 23:00:35.508',"bakers","commercial bakers"
'1985-12-12 23:00:35.508',"bakers","production bakers"
'1985-12-12 23:00:35.508',"bakers","retail bakers"
'1985-12-12 23:00:35.508',"barbers and hairstylists and cosmetologists","barbers"
'1985-12-12 23:00:35.508',"barbers and hairstylists and cosmetologists","cosmetologists"
'1985-12-12 23:00:35.508',"barbers and hairstylists and cosmetologists","hairstylists"
'1985-12-12 23:00:35.508',"bookkeeping and accounting and auditing clerks","accounting clerks"
'1985-12-12 23:00:35.508',"bookkeeping and accounting and auditing clerks","auditing clerks"
'1985-12-12 23:00:35.508',"bookkeeping and accounting and auditing clerks","bookkeeping clerks"
'1985-12-12 23:00:35.508',"broadcast and sound engineering technicians","audio and video equipment technicians"
'1985-12-12 23:00:35.508',"broadcast and sound engineering technicians","broadcast technicians"
'1985-12-12 23:00:35.508',"broadcast and sound engineering technicians","sound engineering technicians"
'1985-12-12 23:00:35.508',"bus drivers","charter bus drivers"
'1985-12-12 23:00:35.508',"bus drivers","intercity bus drivers"
'1985-12-12 23:00:35.508',"bus drivers","local transit bus drivers"
'1985-12-12 23:00:35.508',"bus drivers","school bus drivers"
'1985-12-12 23:00:35.508',"carpenters","construction carpenters"
'1985-12-12 23:00:35.508',"carpenters","rough carpenters"
'1985-12-12 23:00:35.508',"chefs and head cooks","chefs de cuisine"
'1985-12-12 23:00:35.508',"chefs and head cooks","executive chefs"
'1985-12-12 23:00:35.508',"chefs and head cooks","head cooks"
'1985-12-12 23:00:35.508',"chefs and head cooks","private household chefs"
'1985-12-12 23:00:35.508',"chefs and head cooks","sous chefs"
'1985-12-12 23:00:35.508',"childcare workers","childcare center workers"
'1985-12-12 23:00:35.508',"childcare workers","family childcare providers"
'1985-12-12 23:00:35.508',"childcare workers","nannies"
'1985-12-12 23:00:35.508',"compensation and managers and benefits managers","benefits managers"
'1985-12-12 23:00:35.508',"compensation and managers and benefits managers","compensation managers"
'1985-12-12 23:00:35.508',"computer and information systems managers","chief information officers"
'1985-12-12 23:00:35.508',"computer and information systems managers","chief technology officers"
'1985-12-12 23:00:35.508',"computer and information systems managers","it directors"
'1985-12-12 23:00:35.508',"computer and information systems managers","it security managers"
'1985-12-12 23:00:35.508',"computer systems analysts","programmer analysts"
'1985-12-12 23:00:35.508',"computer systems analysts","software quality assurance analysts"
'1985-12-12 23:00:35.508',"conservation scientists and foresters","conservation education foresters"
'1985-12-12 23:00:35.508',"conservation scientists and foresters","conservation land managers"
'1985-12-12 23:00:35.508',"conservation scientists and foresters","procurement foresters"
'1985-12-12 23:00:35.508',"conservation scientists and foresters","range managers"
'1985-12-12 23:00:35.508',"conservation scientists and foresters","soil and water conservationists"
'1985-12-12 23:00:35.508',"conservation scientists and foresters","urban foresters"
'1985-12-12 23:00:35.508',"construction and building inspectors","building inspectors"
'1985-12-12 23:00:35.508',"construction and building inspectors","coating inspectors"
'1985-12-12 23:00:35.508',"construction and building inspectors","electrical inspectors"
'1985-12-12 23:00:35.508',"construction and building inspectors","elevator inspectors"
'1985-12-12 23:00:35.508',"construction and building inspectors","home inspectors"
'1985-12-12 23:00:35.508',"construction and building inspectors","mechanical inspectors"
'1985-12-12 23:00:35.508',"construction and building inspectors","plan examiners"
'1985-12-12 23:00:35.508',"construction and building inspectors","plumbing inspectors"
'1985-12-12 23:00:35.508',"construction and building inspectors","public works inspectors"
'1985-12-12 23:00:35.508',"construction and building inspectors","specification inspectors"
'1985-12-12 23:00:35.508',"construction equipment operators","construction equipment operators"
'1985-12-12 23:00:35.508',"construction equipment operators","operating engineers"
'1985-12-12 23:00:35.508',"construction equipment operators","paving and surfacing equipment operators"
'1985-12-12 23:00:35.508',"construction equipment operators","pile driver operators"
'1985-12-12 23:00:35.508',"cooks","fast food cooks"
'1985-12-12 23:00:35.508',"cooks","institution and cafeteria cooks"
'1985-12-12 23:00:35.508',"cooks","private household cooks"
'1985-12-12 23:00:35.508',"cooks","restaurant cooks"
'1985-12-12 23:00:35.508',"cooks","short order cooks"
'1985-12-12 23:00:35.508',"court reporters","broadcast captioners"
'1985-12-12 23:00:35.508',"court reporters","communication access real time translation providers"
'1985-12-12 23:00:35.508',"database administrators","application dbas"
'1985-12-12 23:00:35.508',"database administrators","system dbas"
'1985-12-12 23:00:35.508',"delivery truck drivers and driver or sales workers","driver or sakes workers"
'1985-12-12 23:00:35.508',"delivery truck drivers and driver or sales workers","light truck drivers"
'1985-12-12 23:00:35.508',"dental and ophthalmic laboratory technicians and medical appliance technicians","dental laboratory technicians"
'1985-12-12 23:00:35.508',"dental and ophthalmic laboratory technicians and medical appliance technicians","medical appliance technicians"
'1985-12-12 23:00:35.508',"dental and ophthalmic laboratory technicians and medical appliance technicians","ophthalmic laboratory technicians"
'1985-12-12 23:00:35.508',"dental and ophthalmic laboratory technicians and medical appliance technicians","orthotic and prosthetic technicians"
'1985-12-12 23:00:35.508',"dentists","dental public health specialists"
'1985-12-12 23:00:35.508',"dentists","endodontists"
'1985-12-12 23:00:35.508',"dentists","oral and maxillofacial lsurgeons"
'1985-12-12 23:00:35.508',"dentists","oral and maxillofacial radiologists"
'1985-12-12 23:00:35.508',"dentists","oral pathologists"
'1985-12-12 23:00:35.508',"dentists","orthodontists"
'1985-12-12 23:00:35.508',"dentists","pediatric dentists"
'1985-12-12 23:00:35.508',"dentists","periodontists"
'1985-12-12 23:00:35.508',"dentists","prosthodontists"
'1985-12-12 23:00:35.508',"diagnostic medical sonographers and cardiovascular technologists and technicians and including vascular technologists","abdominal sonographers"
'1985-12-12 23:00:35.508',"diagnostic medical sonographers and cardiovascular technologists and technicians and including vascular technologists","breast sonographers"
'1985-12-12 23:00:35.508',"diagnostic medical sonographers and cardiovascular technologists and technicians and including vascular technologists","cardiac sonographers"
'1985-12-12 23:00:35.508',"diagnostic medical sonographers and cardiovascular technologists and technicians and including vascular technologists","cardiographic technicians"
'1985-12-12 23:00:35.508',"diagnostic medical sonographers and cardiovascular technologists and technicians and including vascular technologists","cardiovascular invasive specialists"
'1985-12-12 23:00:35.508',"diagnostic medical sonographers and cardiovascular technologists and technicians and including vascular technologists","electrocardiogram technicians"
'1985-12-12 23:00:35.508',"diagnostic medical sonographers and cardiovascular technologists and technicians and including vascular technologists","gynecologic sonographers"
'1985-12-12 23:00:35.508',"diagnostic medical sonographers and cardiovascular technologists and technicians and including vascular technologists","musculoskeletal sonographers"
'1985-12-12 23:00:35.508',"diagnostic medical sonographers and cardiovascular technologists and technicians and including vascular technologists","obstetric sonographers"
'1985-12-12 23:00:35.508',"diagnostic medical sonographers and cardiovascular technologists and technicians and including vascular technologists","pediatric sonographers"
'1985-12-12 23:00:35.508',"diagnostic medical sonographers and cardiovascular technologists and technicians and including vascular technologists","pulmonary function technoogists"
'1985-12-12 23:00:35.508',"diagnostic medical sonographers and cardiovascular technologists and technicians and including vascular technologists","vascular technologists"
'1985-12-12 23:00:35.508',"dietitians and nutritionists","clinical dietitions"
'1985-12-12 23:00:35.508',"dietitians and nutritionists","clinical nutritionists"
'1985-12-12 23:00:35.508',"dietitians and nutritionists","community dietitians"
'1985-12-12 23:00:35.508',"dietitians and nutritionists","community nutritionists"
'1985-12-12 23:00:35.508',"dietitians and nutritionists","management dietitians"
'1985-12-12 23:00:35.508',"editors","assistant editors"
'1985-12-12 23:00:35.508',"editors","copy editors"
'1985-12-12 23:00:35.508',"editors","managing editors"
'1985-12-12 23:00:35.508',"editors","publication assistants"
'1985-12-12 23:00:35.508',"electrical and electronics installers and repairers","commercial and industrial electrical and electronics equipment repairers"
'1985-12-12 23:00:35.508',"electrical and electronics installers and repairers","electric motor"
'1985-12-12 23:00:35.508',"electrical and electronics installers and repairers","electrical and electronics installers and repairers of transported equipment"
'1985-12-12 23:00:35.508',"electrical and electronics installers and repairers","electronic equipment installers and repairers of motor vehicles"
'1985-12-12 23:00:35.508',"electrical and electronics installers and repairers","power tool and related repairers"
'1985-12-12 23:00:35.508',"electrical and electronics installers and repairers","powerhouse"
'1985-12-12 23:00:35.508',"electrical and electronics installers and repairers","substation and relay electrical and electronics repairers"
'1985-12-12 23:00:35.508',"emts and paramedics","advanced emt"
'1985-12-12 23:00:35.508',"emts and paramedics","emergency medicaal responders"
'1985-12-12 23:00:35.508',"emts and paramedics","emt"
'1985-12-12 23:00:35.508',"emts and paramedics","paramedics"
'1985-12-12 23:00:35.508',"environmental scientists and specialists","climate change analysts"
'1985-12-12 23:00:35.508',"environmental scientists and specialists","environmental chemists"
'1985-12-12 23:00:35.508',"environmental scientists and specialists","environmental health and saafety specialists"
'1985-12-12 23:00:35.508',"environmental scientists and specialists","environmental restoration planners"
'1985-12-12 23:00:35.508',"environmental scientists and specialists","industrial ecologists"
'1985-12-12 23:00:35.508',"farmers and ranchers and other agricultural managers","agricultural managers"
'1985-12-12 23:00:35.508',"farmers and ranchers and other agricultural managers","aquaculture farmers and managers"
'1985-12-12 23:00:35.508',"farmers and ranchers and other agricultural managers","crop farmers"
'1985-12-12 23:00:35.508',"farmers and ranchers and other agricultural managers","crop managers"
'1985-12-12 23:00:35.508',"farmers and ranchers and other agricultural managers","dairy managers"
'1985-12-12 23:00:35.508',"farmers and ranchers and other agricultural managers","farmers"
'1985-12-12 23:00:35.508',"farmers and ranchers and other agricultural managers","live stock managers"
'1985-12-12 23:00:35.508',"farmers and ranchers and other agricultural managers","nursery and greenhouse managers"
'1985-12-12 23:00:35.508',"farmers and ranchers and other agricultural managers","poultry farmers managers"
'1985-12-12 23:00:35.508',"farmers and ranchers and other agricultural managers","ranchers"
'1985-12-12 23:00:35.508',"film and video editors and camera operators","cinematographers"
'1985-12-12 23:00:35.508',"film and video editors and camera operators","studio camera operators"
'1985-12-12 23:00:35.508',"film and video editors and camera operators","videographers"
'1985-12-12 23:00:35.508',"financial analysts","fund managers"
'1985-12-12 23:00:35.508',"financial analysts","portfolio managers"
'1985-12-12 23:00:35.508',"financial analysts","ratings analysts"
'1985-12-12 23:00:35.508',"financial analysts","risk analysts"
'1985-12-12 23:00:35.508',"financial clerks","billing clerks"
'1985-12-12 23:00:35.508',"financial clerks","brokerage clerks"
'1985-12-12 23:00:35.508',"financial clerks","checkers"
'1985-12-12 23:00:35.508',"financial clerks","clerks"
'1985-12-12 23:00:35.508',"financial clerks","credit authorizers"
'1985-12-12 23:00:35.508',"financial clerks","gaming cage workers"
'1985-12-12 23:00:35.508',"financial clerks","insurance claims clerks"
'1985-12-12 23:00:35.508',"financial clerks","loan interviewers"
'1985-12-12 23:00:35.508',"financial clerks","new accounts clerks"
'1985-12-12 23:00:35.508',"financial clerks","payroll clerks"
'1985-12-12 23:00:35.508',"financial clerks","policy processing clerks"
'1985-12-12 23:00:35.508',"financial clerks","posting clerks"
'1985-12-12 23:00:35.508',"financial clerks","procurement clerks"
'1985-12-12 23:00:35.508',"financial clerks","timekeeping clerks"
'1985-12-12 23:00:35.508',"financial managers","cash managers"
'1985-12-12 23:00:35.508',"financial managers","controllers"
'1985-12-12 23:00:35.508',"financial managers","credit managers"
'1985-12-12 23:00:35.508',"financial managers","finance officers"
'1985-12-12 23:00:35.508',"financial managers","insurance managers"
'1985-12-12 23:00:35.508',"financial managers","risk managers"
'1985-12-12 23:00:35.508',"financial managers","treasurers"
'1985-12-12 23:00:35.508',"fire inspectors","fore first inspectors and prevention specialists"
'1985-12-12 23:00:35.508',"firefighters","wildland firefighters"
'1985-12-12 23:00:35.508',"fishing and hunting workers","fishing boat captains"
'1985-12-12 23:00:35.508',"fishing and hunting workers","fishing deckhands"
'1985-12-12 23:00:35.508',"fishing and hunting workers","hunters and trappers"
'1985-12-12 23:00:35.508',"fitness trainers and instructors","fitness directors"
'1985-12-12 23:00:35.508',"fitness trainers and instructors","group fitness instructors"
'1985-12-12 23:00:35.508',"fitness trainers and instructors","personal fitness trainers"
'1985-12-12 23:00:35.508',"fitness trainers and instructors","specialized fitness instructors"
'1985-12-12 23:00:35.508',"flooring installers and tile and marble setters","carpet installers"
'1985-12-12 23:00:35.508',"flooring installers and tile and marble setters","carpet tile installers"
'1985-12-12 23:00:35.508',"flooring installers and tile and marble setters","floor layers"
'1985-12-12 23:00:35.508',"flooring installers and tile and marble setters","floor sanders and finishers"
'1985-12-12 23:00:35.508',"flooring installers and tile and marble setters","linoleum installers"
'1985-12-12 23:00:35.508',"flooring installers and tile and marble setters","tile and marble setters"
'1985-12-12 23:00:35.508',"flooring installers and tile and marble setters","vinyl installers"
'1985-12-12 23:00:35.508',"food and beverage serving and related workers","bartender helpers"
'1985-12-12 23:00:35.508',"food and beverage serving and related workers","cafeteria attendants"
'1985-12-12 23:00:35.508',"food and beverage serving and related workers","combined food preparation workers"
'1985-12-12 23:00:35.508',"food and beverage serving and related workers","counter attendants"
'1985-12-12 23:00:35.508',"food and beverage serving and related workers","dining room attendants"
'1985-12-12 23:00:35.508',"food and beverage serving and related workers","food servers"
'1985-12-12 23:00:35.508',"food and beverage serving and related workers","hosts and hostesses"
'1985-12-12 23:00:35.508',"food and beverage serving and related workers","serving workers"
'1985-12-12 23:00:35.508',"food and tobacco processing workers","food and tobacco machine operators and tenders"
'1985-12-12 23:00:35.508',"food and tobacco processing workers","food batchmakers"
'1985-12-12 23:00:35.508',"food and tobacco processing workers","food cooking machine operators and tenders"
'1985-12-12 23:00:35.508',"forensic science technicians","crime scene investigators"
'1985-12-12 23:00:35.508',"forensic science technicians","criminalists"
'1985-12-12 23:00:35.508',"forensic science technicians","digital forensics analysts"
'1985-12-12 23:00:35.508',"forensic science technicians","forensic biologists"
'1985-12-12 23:00:35.508',"forensic science technicians","forensic chemists"
'1985-12-12 23:00:35.508',"forensic science technicians","forensic computer examiners"
'1985-12-12 23:00:35.508',"fundraisers","annual campaign fundraisers"
'1985-12-12 23:00:35.508',"fundraisers","capital campaign fundraisers"
'1985-12-12 23:00:35.508',"fundraisers","major gifts fundraisers"
'1985-12-12 23:00:35.508',"fundraisers","planned giving fundraisers"
'1985-12-12 23:00:35.508',"funeral service workers","funeral directors"
'1985-12-12 23:00:35.508',"funeral service workers","funeral service managers"
'1985-12-12 23:00:35.508',"funeral service workers","morticians"
'1985-12-12 23:00:35.508',"gaming services workers","gaming and sports book writers and runners"
'1985-12-12 23:00:35.508',"gaming services workers","gaming dealers"
'1985-12-12 23:00:35.508',"gaming services workers","slot supervisors"
'1985-12-12 23:00:35.508',"geographers","human geographers"
'1985-12-12 23:00:35.508',"geographers","physical geographers"
'1985-12-12 23:00:35.508',"geoscientists","geochemists"
'1985-12-12 23:00:35.508',"geoscientists","geologists"
'1985-12-12 23:00:35.508',"geoscientists","geophysicists"
'1985-12-12 23:00:35.508',"geoscientists","oceanographers"
'1985-12-12 23:00:35.508',"geoscientists","paleontologists"
'1985-12-12 23:00:35.508',"geoscientists","petrelum geolgists"
'1985-12-12 23:00:35.508',"geoscientists","sismologists"
'1985-12-12 23:00:35.508',"hand laborers and material movers","cleaners of vehicles and equipment"
'1985-12-12 23:00:35.508',"hand laborers and material movers","freight movers"
'1985-12-12 23:00:35.508',"hand laborers and material movers","hand laborers"
'1985-12-12 23:00:35.508',"hand laborers and material movers","hand packagers"
'1985-12-12 23:00:35.508',"hand laborers and material movers","hand packers"
'1985-12-12 23:00:35.508',"hand laborers and material movers","machine feeders"
'1985-12-12 23:00:35.508',"hand laborers and material movers","machine offbearers"
'1985-12-12 23:00:35.508',"hand laborers and material movers","material movers"
'1985-12-12 23:00:35.508',"hand laborers and material movers","refuse and recyclable material collectors"
'1985-12-12 23:00:35.508',"hand laborers and material movers","stock movers"
'1985-12-12 23:00:35.508',"heavy vehicle and mobile equipment service technicians","farm equipment mechanics and service technicians"
'1985-12-12 23:00:35.508',"heavy vehicle and mobile equipment service technicians","mobile heavy equipment mechanics"
'1985-12-12 23:00:35.508',"heavy vehicle and mobile equipment service technicians","rail car repairers"
'1985-12-12 23:00:35.508',"home health aides and personal care aides","direct support professionals"
'1985-12-12 23:00:35.508',"home health aides and personal care aides","hoome health aids"
'1985-12-12 23:00:35.508',"home health aides and personal care aides","personal care aids"
'1985-12-12 23:00:35.508',"human resources managers","employee relations managers"
'1985-12-12 23:00:35.508',"human resources managers","labor relations directors"
'1985-12-12 23:00:35.508',"human resources managers","payroll managers"
'1985-12-12 23:00:35.508',"human resources managers","recruiting managers"
'1985-12-12 23:00:35.508',"hydrologists","groundwater hydrologists"
'1985-12-12 23:00:35.508',"hydrologists","surface water hydrologists"
'1985-12-12 23:00:35.508',"industrial machinery mechanics and machinery maintenance workers and millwrights","industrial machinery mechanics"
'1985-12-12 23:00:35.508',"industrial machinery mechanics and machinery maintenance workers and millwrights","machinery maintenance workers"
'1985-12-12 23:00:35.508',"industrial machinery mechanics and machinery maintenance workers and millwrights","millwrights"
'1985-12-12 23:00:35.508',"information clerks","correspondence clerks"
'1985-12-12 23:00:35.508',"information clerks","court clerks"
'1985-12-12 23:00:35.508',"information clerks","eligibility interviewers"
'1985-12-12 23:00:35.508',"information clerks","file clerks"
'1985-12-12 23:00:35.508',"information clerks","hotel clerks"
'1985-12-12 23:00:35.508',"information clerks","human resources assistants"
'1985-12-12 23:00:35.508',"information clerks","interviewers"
'1985-12-12 23:00:35.508',"information clerks","license clerks"
'1985-12-12 23:00:35.508',"information clerks","motel clerks"
'1985-12-12 23:00:35.508',"information clerks","municipal clerks"
'1985-12-12 23:00:35.508',"information clerks","order clerks"
'1985-12-12 23:00:35.508',"information clerks","reservation and transportation ticket ages"
'1985-12-12 23:00:35.508',"information clerks","resort desk clerks"
'1985-12-12 23:00:35.508',"information clerks","travel clerks"
'1985-12-12 23:00:35.508',"insulation workers","ceiling insulators"
'1985-12-12 23:00:35.508',"insulation workers","floor insulators"
'1985-12-12 23:00:35.508',"insulation workers","mechanical insulators"
'1985-12-12 23:00:35.508',"insulation workers","wall insulators"
'1985-12-12 23:00:35.508',"insurance sales agents","captive agents"
'1985-12-12 23:00:35.508',"insurance sales agents","health and long term care insurance agents"
'1985-12-12 23:00:35.508',"insurance sales agents","independent insurance agents"
'1985-12-12 23:00:35.508',"insurance sales agents","life insurance agents"
'1985-12-12 23:00:35.508',"insurance sales agents","property and casualty insurance agents"
'1985-12-12 23:00:35.508',"interpreters and translators","community interpreters"
'1985-12-12 23:00:35.508',"interpreters and translators","conference interpreters"
'1985-12-12 23:00:35.508',"interpreters and translators","consecutive interpreters"
'1985-12-12 23:00:35.508',"interpreters and translators","escort interpreters"
'1985-12-12 23:00:35.508',"interpreters and translators","health interpreters"
'1985-12-12 23:00:35.508',"interpreters and translators","health translators"
'1985-12-12 23:00:35.508',"interpreters and translators","interpreters"
'1985-12-12 23:00:35.508',"interpreters and translators","legal interpreters"
'1985-12-12 23:00:35.508',"interpreters and translators","liaison interpreters"
'1985-12-12 23:00:35.508',"interpreters and translators","literary translators"
'1985-12-12 23:00:35.508',"interpreters and translators","localizers"
'1985-12-12 23:00:35.508',"interpreters and translators","medical interpreters"
'1985-12-12 23:00:35.508',"interpreters and translators","medical translators"
'1985-12-12 23:00:35.508',"interpreters and translators","sight translation interpreters"
'1985-12-12 23:00:35.508',"interpreters and translators","sign language interpreters"
'1985-12-12 23:00:35.508',"interpreters and translators","simultaneous interpreters"
'1985-12-12 23:00:35.508',"interpreters and translators","translators"
'1985-12-12 23:00:35.508',"interpreters and translators","trilingual interpreters"
'1985-12-12 23:00:35.508',"ironworkers","reinforcing iron and rebar workers"
'1985-12-12 23:00:35.508',"ironworkers","structural iron and steel workers"
'1985-12-12 23:00:35.508',"jewelers and precious stone and metal workers","gemologists"
'1985-12-12 23:00:35.508',"jewelers and precious stone and metal workers","jewelry appraisers"
'1985-12-12 23:00:35.508',"jewelers and precious stone and metal workers","jewelry designers"
'1985-12-12 23:00:35.508',"jewelers and precious stone and metal workers","production jewelers"
'1985-12-12 23:00:35.508',"judges and hearing officers","adjudicators"
'1985-12-12 23:00:35.508',"judges and hearing officers","administrative law judges"
'1985-12-12 23:00:35.508',"judges and hearing officers","hearing officers"
'1985-12-12 23:00:35.508',"judges and hearing officers","judges"
'1985-12-12 23:00:35.508',"judges and hearing officers","magistrate judges"
'1985-12-12 23:00:35.508',"judges and hearing officers","magistrates"
'1985-12-12 23:00:35.508',"lawyers","corporate counsels"
'1985-12-12 23:00:35.508',"lawyers","defense attorneys"
'1985-12-12 23:00:35.508',"lawyers","environmental lawyers"
'1985-12-12 23:00:35.508',"lawyers","family lawyers"
'1985-12-12 23:00:35.508',"lawyers","government counsels"
'1985-12-12 23:00:35.508',"lawyers","intellectual property lawyers"
'1985-12-12 23:00:35.508',"lawyers","prosecutors"
'1985-12-12 23:00:35.508',"lawyers","public interest lawyers"
'1985-12-12 23:00:35.508',"lawyers","securities lawyers"
'1985-12-12 23:00:35.508',"lawyers","tax lawyers"
'1985-12-12 23:00:35.508',"librarians","academic librarians"
'1985-12-12 23:00:35.508',"librarians","administrative services librarians"
'1985-12-12 23:00:35.508',"librarians","corporate librarians"
'1985-12-12 23:00:35.508',"librarians","government librarians"
'1985-12-12 23:00:35.508',"librarians","law librarians"
'1985-12-12 23:00:35.508',"librarians","medical librarians"
'1985-12-12 23:00:35.508',"librarians","public librarians"
'1985-12-12 23:00:35.508',"librarians","school librarians"
'1985-12-12 23:00:35.508',"librarians","special librarians"
'1985-12-12 23:00:35.508',"librarians","technical services librarians"
'1985-12-12 23:00:35.508',"librarians","user services librarians"
'1985-12-12 23:00:35.508',"library technicians and assistants","academic library technicians and assistants"
'1985-12-12 23:00:35.508',"library technicians and assistants","public library technicians and assistants"
'1985-12-12 23:00:35.508',"library technicians and assistants","school library technicians and assistants"
'1985-12-12 23:00:35.508',"library technicians and assistants","special library technicians and assistants"
'1985-12-12 23:00:35.508',"line installers and repairers","electrical power line installers and repairers"
'1985-12-12 23:00:35.508',"line installers and repairers","line installers"
'1985-12-12 23:00:35.508',"line installers and repairers","line repairers"
'1985-12-12 23:00:35.508',"line installers and repairers","telecommunications line installers and repairers"
'1985-12-12 23:00:35.508',"loan officers","consumer loan officers"
'1985-12-12 23:00:35.508',"loan officers","loan collection officers"
'1985-12-12 23:00:35.508',"loan officers","loan underwriters"
'1985-12-12 23:00:35.508',"loan officers","mortgage loan officers"
'1985-12-12 23:00:35.508',"lodging managers","convention service managers"
'1985-12-12 23:00:35.508',"lodging managers","front office managers"
'1985-12-12 23:00:35.508',"lodging managers","general managers"
'1985-12-12 23:00:35.508',"lodging managers","revenue managers"
'1985-12-12 23:00:35.508',"logging workers","buckers"
'1985-12-12 23:00:35.508',"logging workers","choke setters"
'1985-12-12 23:00:35.508',"logging workers","fallers"
'1985-12-12 23:00:35.508',"logging workers","log chippers"
'1985-12-12 23:00:35.508',"logging workers","log graders and scalers"
'1985-12-12 23:00:35.508',"logging workers","log makers"
'1985-12-12 23:00:35.508',"logging workers","log movers"
'1985-12-12 23:00:35.508',"logging workers","log sorts"
'1985-12-12 23:00:35.508',"logging workers","logging equipment operators"
'1985-12-12 23:00:35.508',"logging workers","rigging slingers and chasers"
'1985-12-12 23:00:35.508',"logging workers","tree climbers"
'1985-12-12 23:00:35.508',"machinists and tool and die makers","machinists"
'1985-12-12 23:00:35.508',"machinists and tool and die makers","tool and die makers"
'1985-12-12 23:00:35.508',"masonry workers","blockmasons"
'1985-12-12 23:00:35.508',"masonry workers","brickmasons"
'1985-12-12 23:00:35.508',"masonry workers","cement masons"
'1985-12-12 23:00:35.508',"masonry workers","concrete finishers"
'1985-12-12 23:00:35.508',"masonry workers","stonemasons"
'1985-12-12 23:00:35.508',"masonry workers","terazzo finishers"
'1985-12-12 23:00:35.508',"masonry workers","terrazzo workers"
'1985-12-12 23:00:35.508',"material recording clerks","expediting clerks"
'1985-12-12 23:00:35.508',"material recording clerks","material clerks"
'1985-12-12 23:00:35.508',"material recording clerks","order fillers"
'1985-12-12 23:00:35.508',"material recording clerks","planning clerks"
'1985-12-12 23:00:35.508',"material recording clerks","product inspecting clerks"
'1985-12-12 23:00:35.508',"material recording clerks","production clerks"
'1985-12-12 23:00:35.508',"material recording clerks","receiving clerks"
'1985-12-12 23:00:35.508',"material recording clerks","shipping clerks"
'1985-12-12 23:00:35.508',"material recording clerks","stock clerks"
'1985-12-12 23:00:35.508',"material recording clerks","traffic clerks"
'1985-12-12 23:00:35.508',"medical and clinical laboratory technologists and technicians","blood bank technologists"
'1985-12-12 23:00:35.508',"medical and clinical laboratory technologists and technicians","clinical chemistry technologists"
'1985-12-12 23:00:35.508',"medical and clinical laboratory technologists and technicians","cytotechnologists"
'1985-12-12 23:00:35.508',"medical and clinical laboratory technologists and technicians","immunohematology technologists"
'1985-12-12 23:00:35.508',"medical and clinical laboratory technologists and technicians","immunology technologists"
'1985-12-12 23:00:35.508',"medical and clinical laboratory technologists and technicians","microbiology technologists"
'1985-12-12 23:00:35.508',"medical and clinical laboratory technologists and technicians","molecular biology technologists"
'1985-12-12 23:00:35.508',"medical and health services managers","clinical managers"
'1985-12-12 23:00:35.508',"medical and health services managers","health information managers"
'1985-12-12 23:00:35.508',"medical and health services managers","nursing home administrators"
'1985-12-12 23:00:35.508',"medical assistants","administrative medical assistants"
'1985-12-12 23:00:35.508',"medical assistants","clinical medical assitants"
'1985-12-12 23:00:35.508',"medical assistants","ophthalmic medical assistants"
'1985-12-12 23:00:35.508',"medical assistants","optometric assistants"
'1985-12-12 23:00:35.508',"medical assistants","podiatric medical assistants"
'1985-12-12 23:00:35.508',"meeting and convention and event planner","convention planners"
'1985-12-12 23:00:35.508',"meeting and convention and event planner","event planners"
'1985-12-12 23:00:35.508',"meeting and convention and event planner","meeting planners"
'1985-12-12 23:00:35.508',"metal and plastic machine workers","computer controlled machine tool operators"
'1985-12-12 23:00:35.508',"metal and plastic machine workers","computer numer9ically controlled machine tool programmers"
'1985-12-12 23:00:35.508',"metal and plastic machine workers","extruding and drawing machine setters"
'1985-12-12 23:00:35.508',"metal and plastic machine workers","forging machine setters"
'1985-12-12 23:00:35.508',"metal and plastic machine workers","machine operators and tenders"
'1985-12-12 23:00:35.508',"metal and plastic machine workers","model makers"
'1985-12-12 23:00:35.508',"metal and plastic machine workers","patternmakers"
'1985-12-12 23:00:35.508',"metal and plastic machine workers","pourers and casters"
'1985-12-12 23:00:35.508',"metal and plastic machine workers","rolling machine setters"
'1985-12-12 23:00:35.508',"microbiologists","bacteriologists"
'1985-12-12 23:00:35.508',"microbiologists","clinical microbiologists"
'1985-12-12 23:00:35.508',"microbiologists","environmental microbiologists"
'1985-12-12 23:00:35.508',"microbiologists","industrial microbiologists"
'1985-12-12 23:00:35.508',"microbiologists","mycologists"
'1985-12-12 23:00:35.508',"microbiologists","parasitologists"
'1985-12-12 23:00:35.508',"microbiologists","public health microbiologists"
'1985-12-12 23:00:35.508',"microbiologists","virologists"
'1985-12-12 23:00:35.508',"military careers","administrative personnel"
'1985-12-12 23:00:35.508',"military careers","combat specialty personnel"
'1985-12-12 23:00:35.508',"military careers","construction personnel"
'1985-12-12 23:00:35.508',"military careers","electronic and electrical equipment repair personnel"
'1985-12-12 23:00:35.508',"military careers","engineering personnel"
'1985-12-12 23:00:35.508',"military careers","enlisted personnel"
'1985-12-12 23:00:35.508',"military careers","healthcare personnel"
'1985-12-12 23:00:35.508',"military careers","human resources development personnel"
'1985-12-12 23:00:35.508',"military careers","machine operator and repair personnel"
'1985-12-12 23:00:35.508',"military careers","media and public affairs personnel"
'1985-12-12 23:00:35.508',"military careers","protective service personnel"
'1985-12-12 23:00:35.508',"military careers","science personnel"
'1985-12-12 23:00:35.508',"military careers","support service personnel"
'1985-12-12 23:00:35.508',"military careers","technical personnel"
'1985-12-12 23:00:35.508',"military careers","transportation and material handling personnel"
'1985-12-12 23:00:35.508',"natural sciences managers","laboratory managers"
'1985-12-12 23:00:35.508',"natural sciences managers","working managers"
'1985-12-12 23:00:35.508',"nuclear technicians","operating technicians"
'1985-12-12 23:00:35.508',"nuclear technicians","radiation protection technicnans"
'1985-12-12 23:00:35.508',"nurse anesthetists and nurse midwives and nurse practitioners","clinical nurse specialists"
'1985-12-12 23:00:35.508',"nurse anesthetists and nurse midwives and nurse practitioners","nurse anesthetists"
'1985-12-12 23:00:35.508',"nurse anesthetists and nurse midwives and nurse practitioners","nurse midwives"
'1985-12-12 23:00:35.508',"nurse anesthetists and nurse midwives and nurse practitioners","nurse practitioners"
'1985-12-12 23:00:35.508',"painting and coating workers","coating tenders"
'1985-12-12 23:00:35.508',"painting and coating workers","coating workers"
'1985-12-12 23:00:35.508',"painting and coating workers","decorating workers"
'1985-12-12 23:00:35.508',"painting and coating workers","painting tenders"
'1985-12-12 23:00:35.508',"painting and coating workers","painting workers"
'1985-12-12 23:00:35.508',"painting and coating workers","spraying machine setters"
'1985-12-12 23:00:35.508',"painting and coating workers","transportation equipment painters"
'1985-12-12 23:00:35.508',"paralegals and legal assistants","corporate paralegals"
'1985-12-12 23:00:35.508',"paralegals and legal assistants","litigation paralegals"
'1985-12-12 23:00:35.508',"personal financial advisors","private bankers"
'1985-12-12 23:00:35.508',"personal financial advisors","wealth managers"
'1985-12-12 23:00:35.508',"pharmacists","clinical pharmacists"
'1985-12-12 23:00:35.508',"pharmacists","community pharmacists"
'1985-12-12 23:00:35.508',"pharmacists","consultant pharmacists"
'1985-12-12 23:00:35.508',"pharmacists","pharmaceutical industry pharmacists"
'1985-12-12 23:00:35.508',"photographers","aerial photographers"
'1985-12-12 23:00:35.508',"photographers","commercial photographers"
'1985-12-12 23:00:35.508',"photographers","fine arts photographers"
'1985-12-12 23:00:35.508',"photographers","industrial photographers"
'1985-12-12 23:00:35.508',"photographers","news photographers"
'1985-12-12 23:00:35.508',"photographers","photojournalists"
'1985-12-12 23:00:35.508',"photographers","portrait photographers"
'1985-12-12 23:00:35.508',"photographers","scientific photographers"
'1985-12-12 23:00:35.508',"physicians and surgeons","anesthesiologists"
'1985-12-12 23:00:35.508',"physicians and surgeons","family and general physicians"
'1985-12-12 23:00:35.508',"physicians and surgeons","general internists"
'1985-12-12 23:00:35.508',"physicians and surgeons","general pediatricians"
'1985-12-12 23:00:35.508',"physicians and surgeons","obstetricians and gynecologists"
'1985-12-12 23:00:35.508',"physicians and surgeons","psychiatrists"
'1985-12-12 23:00:35.508',"physicians and surgeons","surgeons"
'1985-12-12 23:00:35.508',"physicists and astronomers","astronomers"
'1985-12-12 23:00:35.508',"physicists and astronomers","astrophysicists"
'1985-12-12 23:00:35.508',"physicists and astronomers","atomic physicists"
'1985-12-12 23:00:35.508',"physicists and astronomers","condense matter physicists"
'1985-12-12 23:00:35.508',"physicists and astronomers","cosmologists"
'1985-12-12 23:00:35.508',"physicists and astronomers","experimental physicists"
'1985-12-12 23:00:35.508',"physicists and astronomers","extragalactic astronomers"
'1985-12-12 23:00:35.508',"physicists and astronomers","galactic astronomers"
'1985-12-12 23:00:35.508',"physicists and astronomers","materials physicists"
'1985-12-12 23:00:35.508',"physicists and astronomers","medical physicists"
'1985-12-12 23:00:35.508',"physicists and astronomers","molecular physicists"
'1985-12-12 23:00:35.508',"physicists and astronomers","nuclear physicists"
'1985-12-12 23:00:35.508',"physicists and astronomers","optical astronomers"
'1985-12-12 23:00:35.508',"physicists and astronomers","optical physicists"
'1985-12-12 23:00:35.508',"physicists and astronomers","particle physicists"
'1985-12-12 23:00:35.508',"physicists and astronomers","physicists"
'1985-12-12 23:00:35.508',"physicists and astronomers","planetary astronomers"
'1985-12-12 23:00:35.508',"physicists and astronomers","plasma physicists"
'1985-12-12 23:00:35.508',"physicists and astronomers","radio astronomers"
'1985-12-12 23:00:35.508',"physicists and astronomers","solar astronomers"
'1985-12-12 23:00:35.508',"physicists and astronomers","stellar astronomers"
'1985-12-12 23:00:35.508',"plumbers and pipefitters and steamfitters","pipefitters"
'1985-12-12 23:00:35.508',"plumbers and pipefitters and steamfitters","plumbers"
'1985-12-12 23:00:35.508',"police and detectives","police and sheriffs patrol officers"
'1985-12-12 23:00:35.508',"police and detectives","transit and railroad police"
'1985-12-12 23:00:35.508',"postal service workers","postal service clerks"
'1985-12-12 23:00:35.508',"postal service workers","postal service mail carriers"
'1985-12-12 23:00:35.508',"postal service workers","postal service mail sorters"
'1985-12-12 23:00:35.508',"postal service workers","processing machine operators"
'1985-12-12 23:00:35.508',"postal service workers","processors"
'1985-12-12 23:00:35.508',"power plant operators and distributors and dispatchers","nuclear power reactor operators"
'1985-12-12 23:00:35.508',"power plant operators and distributors and dispatchers","power distributors and dispatchers"
'1985-12-12 23:00:35.508',"power plant operators and distributors and dispatchers","power plant operators"
'1985-12-12 23:00:35.508',"private detectives and investigators","skip tracers"
'1985-12-12 23:00:35.508',"probation officers and correctional treatment specialists","correctional treatment specialists"
'1985-12-12 23:00:35.508',"probation officers and correctional treatment specialists","parole officers"
'1985-12-12 23:00:35.508',"probation officers and correctional treatment specialists","pretrial services officers"
'1985-12-12 23:00:35.508',"probation officers and correctional treatment specialists","probation officers"
'1985-12-12 23:00:35.508',"producers and directors","directors"
'1985-12-12 23:00:35.508',"producers and directors","producers"
'1985-12-12 23:00:35.508',"property managers and real estate managers and community association managers","community association managers"
'1985-12-12 23:00:35.508',"property managers and real estate managers and community association managers","onsite property managers"
'1985-12-12 23:00:35.508',"property managers and real estate managers and community association managers","property managers"
'1985-12-12 23:00:35.508',"property managers and real estate managers and community association managers","real estate asset managers"
'1985-12-12 23:00:35.508',"property managers and real estate managers and community association managers","real estate managers"
'1985-12-12 23:00:35.508',"psychologists","clinical psychologists"
'1985-12-12 23:00:35.508',"psychologists","counseling psychologists"
'1985-12-12 23:00:35.508',"psychologists","developmental psychologists"
'1985-12-12 23:00:35.508',"psychologists","forensic psychologists"
'1985-12-12 23:00:35.508',"psychologists","industrial organizational psychologists"
'1985-12-12 23:00:35.508',"psychologists","rehabilitation psychologists"
'1985-12-12 23:00:35.508',"psychologists","school psychologists"
'1985-12-12 23:00:35.508',"public relations managers and fundraising managers","fundraising managers"
'1985-12-12 23:00:35.508',"public relations managers and fundraising managers","public relations managers"
'1985-12-12 23:00:35.508',"purchasing managers and buyers and purchasing agents","purchasing agents and buyers of farm products"
'1985-12-12 23:00:35.508',"purchasing managers and buyers and purchasing agents","purchasing agents except wholesale or retail or farm products"
'1985-12-12 23:00:35.508',"purchasing managers and buyers and purchasing agents","wholesale and retail buyers"
'1985-12-12 23:00:35.508',"quality control inspectors","inspectors"
'1985-12-12 23:00:35.508',"quality control inspectors","materials inspectors"
'1985-12-12 23:00:35.508',"quality control inspectors","mechanical inspectors"
'1985-12-12 23:00:35.508',"quality control inspectors","samplers"
'1985-12-12 23:00:35.508',"quality control inspectors","sorters"
'1985-12-12 23:00:35.508',"quality control inspectors","testers"
'1985-12-12 23:00:35.508',"railroad workers","conductors"
'1985-12-12 23:00:35.508',"railroad workers","locomotive engineers"
'1985-12-12 23:00:35.508',"railroad workers","locomotive firers"
'1985-12-12 23:00:35.508',"railroad workers","rail yard engineers"
'1985-12-12 23:00:35.508',"railroad workers","railroad brake operators"
'1985-12-12 23:00:35.508',"railroad workers","railroad signal operators"
'1985-12-12 23:00:35.508',"railroad workers","railroad switch operators"
'1985-12-12 23:00:35.508',"railroad workers","yardmasters"
'1985-12-12 23:00:35.508',"real estate brokers and sales agents","real estate brokers"
'1985-12-12 23:00:35.508',"real estate brokers and sales agents","real estate sales agents"
'1985-12-12 23:00:35.508',"recreation workers","activity specialists"
'1985-12-12 23:00:35.508',"recreation workers","camp counselors"
'1985-12-12 23:00:35.508',"recreation workers","recreation leaders"
'1985-12-12 23:00:35.508',"registered nurses","addiction nurses"
'1985-12-12 23:00:35.508',"registered nurses","cardiovascular nurses"
'1985-12-12 23:00:35.508',"registered nurses","clinical nurse specialists"
'1985-12-12 23:00:35.508',"registered nurses","critical care nurses"
'1985-12-12 23:00:35.508',"registered nurses","genetics nurses"
'1985-12-12 23:00:35.508',"registered nurses","neonatology nurses"
'1985-12-12 23:00:35.508',"registered nurses","nephrology nurses"
'1985-12-12 23:00:35.508',"registered nurses","public health nurses"
'1985-12-12 23:00:35.508',"registered nurses","rehabilitation nurses"
'1985-12-12 23:00:35.508',"reporters and correspondents and broadcast news analysts","broadcast news analysts"
'1985-12-12 23:00:35.508',"reporters and correspondents and broadcast news analysts","correspondents"
'1985-12-12 23:00:35.508',"reporters and correspondents and broadcast news analysts","reporters"
'1985-12-12 23:00:35.508',"retail sales workers","parts salespersons"
'1985-12-12 23:00:35.508',"retail sales workers","retail salespersons"
'1985-12-12 23:00:35.508',"sales managers","b2b sales managers"
'1985-12-12 23:00:35.508',"sales managers","b2c sales managers"
'1985-12-12 23:00:35.508',"school and career counselors","career counselors"
'1985-12-12 23:00:35.508',"school and career counselors","elementary school counselors"
'1985-12-12 23:00:35.508',"school and career counselors","high school counselors"
'1985-12-12 23:00:35.508',"school and career counselors","middle school counselors"
'1985-12-12 23:00:35.508',"secretaries and administrative assistants","executive administrative assistants"
'1985-12-12 23:00:35.508',"secretaries and administrative assistants","executive secretaries"
'1985-12-12 23:00:35.508',"secretaries and administrative assistants","legal secretaries"
'1985-12-12 23:00:35.508',"secretaries and administrative assistants","medical secretaries"
'1985-12-12 23:00:35.508',"securities and commodities and financial services sales agents","brokers"
'1985-12-12 23:00:35.508',"securities and commodities and financial services sales agents","financial services sales agents"
'1985-12-12 23:00:35.508',"securities and commodities and financial services sales agents","floor brokers"
'1985-12-12 23:00:35.508',"securities and commodities and financial services sales agents","investment bankers"
'1985-12-12 23:00:35.508',"securities and commodities and financial services sales agents","investment banking sales agents and traders"
'1985-12-12 23:00:35.508',"security guards and gaming surveillance officers","gaming investigators"
'1985-12-12 23:00:35.508',"security guards and gaming surveillance officers","gaming surveillance officers"
'1985-12-12 23:00:35.508',"security guards and gaming surveillance officers","security guards"
'1985-12-12 23:00:35.508',"sheet metal workers","fabrication sheet metal workers"
'1985-12-12 23:00:35.508',"sheet metal workers","installation sheet metal workers"
'1985-12-12 23:00:35.508',"sheet metal workers","maintenance sheet metal workers"
'1985-12-12 23:00:35.508',"sheet metal workers","testing and balacing sheet metal specialists"
'1985-12-12 23:00:35.508',"small engine mechanics","motorboat mechanics and service technicians"
'1985-12-12 23:00:35.508',"small engine mechanics","motorcycle mechanics"
'1985-12-12 23:00:35.508',"small engine mechanics","outdoor power equipment and other small engine mechanics"
'1985-12-12 23:00:35.508',"social workers","bachelors social workers"
'1985-12-12 23:00:35.508',"social workers","child and family social workers"
'1985-12-12 23:00:35.508',"social workers","clinicl social workers"
'1985-12-12 23:00:35.508',"social workers","healthcare social workers"
'1985-12-12 23:00:35.508',"social workers","licensed clinical social workers"
'1985-12-12 23:00:35.508',"social workers","masters social workers"
'1985-12-12 23:00:35.508',"social workers","mental health and substance abuse social workers"
'1985-12-12 23:00:35.508',"social workers","school social workers"
'1985-12-12 23:00:35.508',"software developers","applications software developers"
'1985-12-12 23:00:35.508',"software developers","systems software developers"
'1985-12-12 23:00:35.508',"substance abuse and behavioral disorder and mental health counselors","behavioral disorder counselors"
'1985-12-12 23:00:35.508',"substance abuse and behavioral disorder and mental health counselors","mental health counselors"
'1985-12-12 23:00:35.508',"substance abuse and behavioral disorder and mental health counselors","substance abuse counselors"
'1985-12-12 23:00:35.508',"tax examiners and collectors and revenue agents","collectors"
'1985-12-12 23:00:35.508',"tax examiners and collectors and revenue agents","revenue agents"
'1985-12-12 23:00:35.508',"tax examiners and collectors and revenue agents","tax examiners"
'1985-12-12 23:00:35.508',"taxi drivers and ride hailing drivers and chauffeurs","chauffeurs"
'1985-12-12 23:00:35.508',"taxi drivers and ride hailing drivers and chauffeurs","paratransit drivers"
'1985-12-12 23:00:35.508',"taxi drivers and ride hailing drivers and chauffeurs","ride hailing drivers"
'1985-12-12 23:00:35.508',"taxi drivers and ride hailing drivers and chauffeurs","taxi drivers"
'1985-12-12 23:00:35.508',"telecommunications equipment installers and repairers","central office technicians"
'1985-12-12 23:00:35.508',"telecommunications equipment installers and repairers","headend technicians"
'1985-12-12 23:00:35.508',"telecommunications equipment installers and repairers","home installers and repairers"
'1985-12-12 23:00:35.508',"top executives","chief executive officers"
'1985-12-12 23:00:35.508',"top executives","city managers"
'1985-12-12 23:00:35.508',"top executives","college presidents"
'1985-12-12 23:00:35.508',"top executives","county administrators"
'1985-12-12 23:00:35.508',"top executives","general managers"
'1985-12-12 23:00:35.508',"top executives","governors"
'1985-12-12 23:00:35.508',"top executives","mayors"
'1985-12-12 23:00:35.508',"top executives","operational managers"
'1985-12-12 23:00:35.508',"top executives","school superintendents"
'1985-12-12 23:00:35.508',"top executives","university presidents"
'1985-12-12 23:00:35.508',"travel agents","corporate travel agents"
'1985-12-12 23:00:35.508',"travel agents","leisure travel agents"
'1985-12-12 23:00:35.508',"veterinarians","companion animal veterinarians"
'1985-12-12 23:00:35.508',"veterinarians","food animal veterinarians"
'1985-12-12 23:00:35.508',"veterinarians","food safety and inspection veternarians"
'1985-12-12 23:00:35.508',"water and wastewater treatment plant and system operators","wastewater treatment plant and system operators"
'1985-12-12 23:00:35.508',"water and wastewater treatment plant and system operators","water treatment plant and system operators"
'1985-12-12 23:00:35.508',"water transportation workers","captains"
'1985-12-12 23:00:35.508',"water transportation workers","marine oilers"
'1985-12-12 23:00:35.508',"water transportation workers","mates"
'1985-12-12 23:00:35.508',"water transportation workers","motorboat operators"
'1985-12-12 23:00:35.508',"water transportation workers","pilots"
'1985-12-12 23:00:35.508',"water transportation workers","sailors"
'1985-12-12 23:00:35.508',"water transportation workers","ship engineers"
'1985-12-12 23:00:35.508',"web developers","backend web developers"
'1985-12-12 23:00:35.508',"web developers","frontend web developers"
'1985-12-12 23:00:35.508',"welders and cutters and solderers and brazers","brazers"
'1985-12-12 23:00:35.508',"welders and cutters and solderers and brazers","cutters"
'1985-12-12 23:00:35.508',"welders and cutters and solderers and brazers","solderers"
'1985-12-12 23:00:35.508',"welders and cutters and solderers and brazers","welders"
'1985-12-12 23:00:35.508',"wholesale and manufacturing sales representatives","inside sales representatives"
'1985-12-12 23:00:35.508',"wholesale and manufacturing sales representatives","outside sales representatives"
'1985-12-12 23:00:35.508',"woodworkers","bench carpenters"
'1985-12-12 23:00:35.508',"woodworkers","cabinetmakers"
'1985-12-12 23:00:35.508',"woodworkers","furniture finishers"
'1985-12-12 23:00:35.508',"woodworkers","wood sawing machine operators"
'1985-12-12 23:00:35.508',"woodworkers","wood sawing machine setters"
'1985-12-12 23:00:35.508',"woodworkers","wood sawing machine tenders"
'1985-12-12 23:00:35.508',"woodworkers","woodworking machine operators"
'1985-12-12 23:00:35.508',"woodworkers","woodworking machine setters"
'1985-12-12 23:00:35.508',"woodworkers","woodworking machine tenders"
'1985-12-12 23:00:35.508',"writers and authors","biographers"
'1985-12-12 23:00:35.508',"writers and authors","bloggers"
'1985-12-12 23:00:35.508',"writers and authors","content writers"
'1985-12-12 23:00:35.508',"writers and authors","copywriters"
'1985-12-12 23:00:35.508',"writers and authors","novelists"
'1985-12-12 23:00:35.508',"writers and authors","playwrights"
'1985-12-12 23:00:35.508',"writers and authors","screenwriters"
'1985-12-12 23:00:35.508',"writers and authors","speechwriters"
